"session_id","timestamp","state","session_id"
9401,2026-06-10 07:43:50.466,degraded,9401
9401,2026-06-10 07:44:30.862,customer_support_info_1,9401
9401,2026-06-10 07:47:23.403,developer_investigation,9401
9401,2026-06-10 07:51:59.971,deep_dive_into_logs,9401
9401,2026-06-10 07:55:26.063,payments_gateway_failure,9401
9401,2026-06-10 07:56:07.590,mention_and_info_on_cert_rotation,9401
9401,2026-06-10 07:56:46.086,check_certs,9401
9401,2026-06-10 07:57:46.484,reload_payments,9401
9401,2026-06-10 08:01:42.983,restart_payments,9401
9401,2026-06-10 08:03:09.399,chain_broken_errors,9401
9401,2026-06-10 08:04:01.864,check_cert_chain_bundle,9401
9401,2026-06-10 08:05:20.193,fix_chain,9401
9401,2026-06-10 08:06:25.104,restart_after_fix,9401
9401,2026-06-10 08:07:18.394,recovered,9401
9401,2026-06-10 08:12:29.970,game_end,9401
9401,2026-06-10 08:12:32.260,wrap_up,9401
9418,2026-06-11 07:21:27.212,degraded,9418
9418,2026-06-11 07:22:23.575,customer_support_info_1,9418
9418,2026-06-11 07:24:34.181,customer_support_info_2,9418
9418,2026-06-11 07:35:00.485,developer_investigation,9418
9418,2026-06-11 07:54:52.189,deep_dive_into_logs,9418
9418,2026-06-11 07:57:02.251,payments_gateway_failure,9418
9418,2026-06-11 07:59:44.557,mention_and_info_on_cert_rotation,9418
9418,2026-06-11 08:02:38.596,check_certs,9418
9421,2026-06-11 09:09:37.361,degraded,9421
9421,2026-06-11 09:09:51.921,post_intro,9421
9421,2026-06-11 09:10:15.508,customer_support_info_1,9421
9421,2026-06-11 09:19:35.974,developer_investigation,9421
9421,2026-06-11 09:24:54.751,deep_dive_into_logs,9421
9421,2026-06-11 09:27:06.486,payments_gateway_failure,9421
9421,2026-06-11 09:28:16.169,mention_and_info_on_cert_rotation,9421
9421,2026-06-11 09:30:10.589,check_certs,9421
9421,2026-06-11 09:31:11.865,propose_solution,9421
9421,2026-06-11 09:34:31.854,restart_payments,9421
9421,2026-06-11 09:37:36.385,chain_broken_errors,9421
9421,2026-06-11 09:39:26.613,check_cert_chain_bundle,9421
9421,2026-06-11 09:41:17.962,fix_chain,9421
9421,2026-06-11 09:42:23.970,restart_after_fix,9421
9421,2026-06-11 09:44:11.405,recovered,9421
9421,2026-06-11 09:45:08.271,game_end,9421
9421,2026-06-11 09:45:10.201,wrap_up,9421
9423,2026-06-11 09:10:14.188,degraded,9423
9423,2026-06-11 09:10:55.209,customer_support_info_1,9423
9423,2026-06-11 09:13:59.783,customer_support_info_2,9423
9423,2026-06-11 09:14:16.804,developer_investigation,9423
9423,2026-06-11 09:16:41.787,deep_dive_into_logs,9423
9423,2026-06-11 09:20:19.357,payments_gateway_failure,9423
9423,2026-06-11 09:21:59.463,mention_and_info_on_cert_rotation,9423
9423,2026-06-11 09:22:46.103,check_certs,9423
9423,2026-06-11 09:24:57.591,propose_solution,9423
9423,2026-06-11 09:28:45.791,restart_payments,9423
9423,2026-06-11 09:29:56.466,chain_broken_errors,9423
9423,2026-06-11 09:31:23.056,fix_chain,9423
9423,2026-06-11 09:32:59.979,restart_after_fix,9423
9423,2026-06-11 09:33:47.595,recovered,9423
9423,2026-06-11 09:37:57.255,wrap_up,9423
9424,2026-06-11 10:06:04.256,degraded,9424
9424,2026-06-11 10:06:43.568,customer_support_info_1,9424
9424,2026-06-11 10:08:50.626,developer_investigation,9424
9424,2026-06-11 10:15:02.197,deep_dive_into_logs,9424
9424,2026-06-11 10:22:09.067,payments_gateway_failure,9424
9424,2026-06-11 10:24:00.265,mention_and_info_on_cert_rotation,9424
9424,2026-06-11 10:27:28.652,check_certs,9424
9424,2026-06-11 10:31:51.588,propose_solution,9424
9424,2026-06-11 10:32:26.286,reload_payments,9424
9424,2026-06-11 10:33:30.305,propose_solution,9424
9424,2026-06-11 10:38:14.962,restart_payments,9424
9424,2026-06-11 10:39:25.090,chain_broken_errors,9424
9424,2026-06-11 10:40:21.673,fix_chain,9424
9424,2026-06-11 10:41:30.458,restart_after_fix,9424
9424,2026-06-11 10:44:41.106,recovered,9424
9424,2026-06-11 10:46:20.278,wrap_up,9424
9427,2026-06-11 12:07:57.898,degraded,9427
9427,2026-06-11 12:08:42.970,customer_support_info_1,9427
9427,2026-06-11 12:09:47.156,customer_support_info_2,9427
9427,2026-06-11 12:18:25.091,developer_investigation,9427
9427,2026-06-11 12:23:59.673,deep_dive_into_logs,9427
9427,2026-06-11 12:26:19.691,payments_gateway_failure,9427
9427,2026-06-11 12:28:13.556,mention_and_info_on_cert_rotation,9427
9427,2026-06-11 12:28:47.577,check_certs,9427
9427,2026-06-11 12:30:00.661,propose_solution,9427
9427,2026-06-11 12:34:45.963,restart_payments,9427
9427,2026-06-11 12:38:03.151,chain_broken_errors,9427
9427,2026-06-11 12:39:07.879,fix_chain,9427
9427,2026-06-11 12:40:29.289,recovered,9427
9428,2026-06-11 12:13:05.304,degraded,9428
9428,2026-06-11 12:13:47.402,customer_support_info_1,9428
9428,2026-06-11 12:16:57.581,developer_investigation,9428
9428,2026-06-11 12:23:22.894,deep_dive_into_logs,9428
9428,2026-06-11 12:27:57.558,payments_gateway_failure,9428
9428,2026-06-11 12:29:59.259,mention_and_info_on_cert_rotation,9428
9428,2026-06-11 12:36:32.351,check_certs,9428
9428,2026-06-11 12:42:08.391,restart_payments,9428
9428,2026-06-11 12:46:01.410,chain_broken_errors,9428
9428,2026-06-11 12:48:02.863,check_cert_chain_bundle,9428
9428,2026-06-11 12:49:08.391,fix_chain,9428
9428,2026-06-11 12:50:06.572,recovered,9428
9428,2026-06-11 12:53:11.559,wrap_up,9428
9430,2026-06-11 14:13:13.164,degraded,9430
9430,2026-06-11 14:13:40.065,customer_support_info_1,9430
9430,2026-06-11 14:14:11.568,customer_support_info_2,9430
9430,2026-06-11 14:15:46.565,developer_investigation,9430
9430,2026-06-11 14:19:20.313,deep_dive_into_logs,9430
9430,2026-06-11 14:23:30.866,payments_gateway_failure,9430
9430,2026-06-11 14:24:12.497,mention_and_info_on_cert_rotation,9430
9430,2026-06-11 14:25:22.606,check_certs,9430
9430,2026-06-11 14:26:27.608,propose_solution,9430
9430,2026-06-11 14:26:39.700,reload_payments,9430
9430,2026-06-11 14:28:11.064,restart_payments,9430
9430,2026-06-11 14:29:11.278,chain_broken_errors,9430
9430,2026-06-11 14:30:11.461,check_cert_chain_bundle,9430
9430,2026-06-11 14:30:45.559,fix_chain,9430
9430,2026-06-11 14:31:51.851,restart_after_fix,9430
9430,2026-06-11 14:33:01.991,recovered,9430
9430,2026-06-11 14:34:27.270,wrap_up,9430
9443,2026-06-12 06:23:46.662,degraded,9443
9443,2026-06-12 06:24:26.987,customer_support_info_1,9443
9443,2026-06-12 06:25:36.684,customer_support_info_2,9443
9443,2026-06-12 06:26:44.387,deep_dive_into_logs,9443
9443,2026-06-12 06:39:50.812,payments_gateway_failure,9443
9443,2026-06-12 06:41:21.260,mention_and_info_on_cert_rotation,9443
9443,2026-06-12 06:42:02.872,check_certs,9443
9443,2026-06-12 06:44:33.073,reload_payments,9443
9443,2026-06-12 06:51:07.000,restart_payments,9443
9443,2026-06-12 06:56:07.668,chain_broken_errors,9443
9443,2026-06-12 06:57:20.306,check_cert_chain_bundle,9443
9443,2026-06-12 06:58:24.874,fix_chain,9443
9443,2026-06-12 06:59:29.152,recovered,9443
9443,2026-06-12 07:00:44.351,wrap_up,9443
9445,2026-06-12 09:07:55.418,degraded,9445
9445,2026-06-12 09:08:43.397,customer_support_info_1,9445
9445,2026-06-12 09:09:17.071,customer_support_info_2,9445
9445,2026-06-12 09:31:41.857,deep_dive_into_logs,9445
9445,2026-06-12 09:33:02.625,payments_gateway_failure,9445
9445,2026-06-12 09:33:02.898,deep_dive_into_logs,9445
9445,2026-06-12 09:33:39.764,payments_gateway_failure,9445
9445,2026-06-12 09:34:01.788,mention_and_info_on_cert_rotation,9445
9445,2026-06-12 09:36:16.527,check_certs,9445
9445,2026-06-12 09:37:48.503,check_cert_chain_bundle,9445
9445,2026-06-12 09:38:51.198,fix_chain,9445
9445,2026-06-12 09:47:40.217,restart_after_fix,9445
9445,2026-06-12 09:48:34.894,recovered,9445
9445,2026-06-12 09:49:24.484,game_end,9445
9445,2026-06-12 09:49:26.567,wrap_up,9445
9451,2026-06-12 14:05:13.169,degraded,9451
9451,2026-06-12 14:05:47.793,customer_support_info_1,9451
9451,2026-06-12 14:06:20.078,customer_support_info_2,9451
9451,2026-06-12 14:48:25.556,developer_investigation,9451
9455,2026-06-12 15:08:26.068,degraded,9455
9455,2026-06-12 15:08:53.665,customer_support_info_1,9455
9455,2026-06-12 15:12:41.863,developer_investigation,9455
9455,2026-06-12 15:18:41.557,deep_dive_into_logs,9455
9455,2026-06-12 15:22:23.155,payments_gateway_failure,9455
9455,2026-06-12 15:24:47.775,mention_and_info_on_cert_rotation,9455
9455,2026-06-12 15:29:58.602,check_certs,9455
9455,2026-06-12 15:37:41.199,restart_payments,9455
9455,2026-06-12 15:39:02.067,chain_broken_errors,9455
9455,2026-06-12 15:40:07.161,check_cert_chain_bundle,9455
9455,2026-06-12 15:41:23.865,fix_chain,9455
9455,2026-06-12 15:42:35.791,restart_after_fix,9455
9455,2026-06-12 15:43:20.895,recovered,9455
9455,2026-06-12 15:44:57.700,wrap_up,9455
9456,2026-06-12 15:26:49.854,degraded,9456
9456,2026-06-12 15:27:19.203,customer_support_info_1,9456
9456,2026-06-12 15:27:51.682,customer_support_info_2,9456
9456,2026-06-12 15:37:08.959,deep_dive_into_logs,9456
9456,2026-06-12 15:38:06.159,payments_gateway_failure,9456
9456,2026-06-12 15:38:21.659,mention_and_info_on_cert_rotation,9456
9456,2026-06-12 15:39:07.301,check_certs,9456
9456,2026-06-12 15:42:40.574,restart_payments,9456
9456,2026-06-12 15:44:48.601,chain_broken_errors,9456
9456,2026-06-12 15:45:54.081,check_cert_chain_bundle,9456
9456,2026-06-12 15:47:14.171,fix_chain,9456
9456,2026-06-12 15:48:17.265,restart_after_fix,9456
9456,2026-06-12 15:49:40.255,recovered,9456
9456,2026-06-12 15:50:51.290,wrap_up,9456
9457,2026-06-12 15:12:40.614,customer_support_info_1,9457
9457,2026-06-12 15:14:46.679,customer_support_info_2,9457
9457,2026-06-12 15:16:36.196,developer_investigation,9457
9457,2026-06-12 15:20:23.200,deep_dive_into_logs,9457
9457,2026-06-12 15:26:04.651,payments_gateway_failure,9457
9457,2026-06-12 15:27:25.963,mention_and_info_on_cert_rotation,9457
9457,2026-06-12 15:27:58.857,check_certs,9457
9457,2026-06-12 15:30:57.963,check_cert_chain_bundle,9457
9457,2026-06-12 15:31:55.415,fix_chain,9457
9457,2026-06-12 15:35:06.401,recovered,9457
9457,2026-06-12 15:36:58.751,game_end,9457
9458,2026-06-12 15:12:52.655,degraded,9458
9458,2026-06-12 15:13:32.375,customer_support_info_1,9458
9458,2026-06-12 15:14:05.858,customer_support_info_2,9458
9458,2026-06-12 15:26:02.084,developer_investigation,9458
9458,2026-06-12 15:29:18.592,deep_dive_into_logs,9458
9458,2026-06-12 15:32:27.595,payments_gateway_failure,9458
9458,2026-06-12 15:33:56.989,check_certs,9458
9458,2026-06-12 15:35:05.959,propose_solution,9458
9458,2026-06-12 15:40:18.390,check_cert_chain_bundle,9458
9458,2026-06-12 15:41:18.057,fix_chain,9458
9461,2026-06-12 15:47:50.676,degraded,9461
9461,2026-06-12 15:48:36.773,post_intro,9461
9461,2026-06-12 15:49:33.656,developer_investigation,9461
9461,2026-06-12 15:56:56.282,deep_dive_into_logs,9461
9461,2026-06-12 15:56:57.306,developer_investigation,9461
9461,2026-06-12 15:58:08.157,deep_dive_into_logs,9461
9461,2026-06-12 16:03:13.265,payments_gateway_failure,9461
9461,2026-06-12 16:05:43.382,mention_and_info_on_cert_rotation,9461
9461,2026-06-12 16:06:58.652,check_certs,9461
9461,2026-06-12 16:08:24.354,propose_solution,9461
9461,2026-06-12 16:09:19.365,reload_payments,9461
9461,2026-06-12 16:09:21.783,propose_solution,9461
9461,2026-06-12 16:09:49.970,reload_payments,9461
9461,2026-06-12 16:10:33.208,propose_solution,9461
9461,2026-06-12 16:14:21.159,restart_payments,9461
9461,2026-06-12 16:15:30.187,chain_broken_errors,9461
9461,2026-06-12 16:16:25.793,check_cert_chain_bundle,9461
9461,2026-06-12 16:17:20.201,fix_chain,9461
9461,2026-06-12 16:17:21.006,check_cert_chain_bundle,9461
9461,2026-06-12 16:18:20.284,fix_chain,9461
9461,2026-06-12 16:19:02.260,recovered,9461
9461,2026-06-12 16:21:26.280,wrap_up,9461
9462,2026-06-12 15:48:16.478,degraded,9462
9462,2026-06-12 15:48:46.197,customer_support_info_1,9462
9462,2026-06-12 15:51:18.999,customer_support_info_2,9462
9462,2026-06-12 15:52:35.765,developer_investigation,9462
9462,2026-06-12 15:56:01.307,deep_dive_into_logs,9462
9462,2026-06-12 16:00:55.288,payments_gateway_failure,9462
9462,2026-06-12 16:03:37.157,mention_and_info_on_cert_rotation,9462
9462,2026-06-12 16:06:43.872,check_certs,9462
9462,2026-06-12 16:09:25.264,restart_payments,9462
9462,2026-06-12 16:11:16.921,chain_broken_errors,9462
9462,2026-06-12 16:12:36.555,check_cert_chain_bundle,9462
9462,2026-06-12 16:13:34.259,fix_chain,9462
9462,2026-06-12 16:14:51.279,restart_after_fix,9462
9462,2026-06-12 16:15:42.481,recovered,9462
9462,2026-06-12 16:17:38.260,wrap_up,9462
9465,2026-06-13 15:50:50.854,playing,9465
9465,2026-06-13 15:51:21.072,customer_support_info_1,9465
9465,2026-06-13 15:51:58.957,customer_support_info_2,9465
9465,2026-06-13 15:53:48.559,developer_investigation,9465
9465,2026-06-13 15:56:01.087,deep_dive_into_logs,9465
9465,2026-06-13 15:58:48.955,payments_gateway_failure,9465
9465,2026-06-13 15:59:25.157,check_certs,9465
9465,2026-06-13 16:01:45.068,restart_payments,9465
9465,2026-06-13 16:03:30.961,check_cert_chain_bundle,9465
9465,2026-06-13 16:04:28.473,fix_chain,9465
9465,2026-06-13 16:04:28.675,check_cert_chain_bundle,9465
9465,2026-06-13 16:05:28.989,restart_after_fix,9465
9465,2026-06-13 16:06:49.008,recovered,9465
9465,2026-06-13 16:08:06.954,wrap_up,9465
